accuracy,precision_CG,recall_CG,f1_CG,precision_OR,recall_OR,f1_OR
0.9655172413793104,1.0,0.7142857142857143,0.8333333333333334,0.9622641509433962,1.0,0.9807692307692307
