{"accuracy": [0.5077433586120605, 0.5918141603469849, 0.653761088848114, 0.6913716793060303, 0.6924778819084167, 0.7179203629493713, 0.7433628439903259, 0.7511062026023865, 0.767699122428894, 0.7665929198265076, 0.7577433586120605, 0.7909291982650757, 0.7909291982650757, 0.7887167930603027, 0.8064159154891968, 0.8141592741012573, 0.8274336457252502, 0.8252212405204773, 0.8373894095420837, 0.8495575189590454, 0.8407079577445984, 0.8384955525398254, 0.8805309534072876, 0.8805309534072876, 0.877212405204773, 0.8904867172241211, 0.9303097128868103, 0.9269911646842957, 0.9236725568771362, 0.9081858396530151], "val_accuracy": [0.4889867901802063, 0.453744500875473, 0.46255508065223694, 0.4669603407382965, 0.4977973699569702, 0.541850209236145, 0.5903083682060242, 0.6563876867294312, 0.6651982665061951, 0.6828193664550781, 0.7136563658714294, 0.757709264755249, 0.7797356843948364, 0.7929515242576599, 0.8105726838111877, 0.8237885236740112, 0.8458150029182434, 0.8590308427810669, 0.8766520023345947, 0.8722466826438904, 0.8898678421974182, 0.8898678421974182, 0.8942731022834778, 0.9030836820602417, 0.91629958152771, 0.9207048416137695, 0.9251101613044739, 0.9207048416137695, 0.9207048416137695, 0.9251101613044739], "loss": [3.9424381256103516, 3.537769317626953, 3.2730653285980225, 3.1120240688323975, 2.9419188499450684, 2.7945799827575684, 2.6817078590393066, 2.533435106277466, 2.424793004989624, 2.319608211517334, 2.2284185886383057, 2.1175506114959717, 2.053678512573242, 1.9795410633087158, 1.86331307888031, 1.8253284692764282, 1.7429832220077515, 1.6788403987884521, 1.5953646898269653, 1.558117389678955, 1.516027808189392, 1.4602024555206299, 1.381278157234192, 1.3276935815811157, 1.2846577167510986, 1.2449945211410522, 1.1689507961273193, 1.1328637599945068, 1.099608063697815, 1.0795788764953613], "val_loss": [3.58608341217041, 3.435889482498169, 3.2926840782165527, 3.1601366996765137, 3.029989004135132, 2.9012181758880615, 2.773172616958618, 2.6432573795318604, 2.5156688690185547, 2.395888566970825, 2.2886502742767334, 2.18049693107605, 2.0764541625976562, 1.9830936193466187, 1.8920800685882568, 1.803421974182129, 1.7262351512908936, 1.6576703786849976, 1.5880428552627563, 1.532061219215393, 1.471663475036621, 1.4201717376708984, 1.3713274002075195, 1.324097752571106, 1.27837336063385, 1.2387043237686157, 1.2079877853393555, 1.167228102684021, 1.1344327926635742, 1.0974209308624268], "precision": [0.742168664932251, 0.8386307954788208, 0.9012048244476318, 0.9317647218704224, 0.9279069900512695, 0.9393258690834045, 0.942307710647583, 0.9667405486106873, 0.9560669660568237, 0.9598308801651001, 0.9552238583564758, 0.9653767943382263, 0.9691991806030273, 0.9633401036262512, 0.970059871673584, 0.9596154093742371, 0.9748061895370483, 0.9710424542427063, 0.9788867831230164, 0.9775280952453613, 0.9665427803993225, 0.9716981053352356, 0.9769503474235535, 0.9873188138008118, 0.9802513718605042, 0.9857904314994812, 0.9915682673454285, 0.991525411605835, 0.9898132681846619, 0.9861830472946167], "val_precision": [1.0, 1.0, 1.0, 1.0, 1.0, 1.0, 1.0, 1.0, 0.9886363744735718, 0.989130437374115, 0.9898989796638489, 0.9908257126808167, 0.9912280440330505, 0.9914529919624329, 0.9917355179786682, 0.9841269850730896, 0.9774436354637146, 0.9779411554336548, 0.9785714149475098, 0.9784172773361206, 0.9790209531784058, 0.9790209531784058, 0.9791666865348816, 0.9861111044883728, 0.9798657894134521, 0.9864864945411682, 0.9865771532058716, 0.9864864945411682, 0.9800000190734863, 0.9738562107086182], "recall": [0.4767801761627197, 0.5309597253799438, 0.5789473652839661, 0.6130030751228333, 0.6176470518112183, 0.6470588445663452, 0.6826625466346741, 0.6749225854873657, 0.707430362701416, 0.702786386013031, 0.693498432636261, 0.7337461113929749, 0.7306501269340515, 0.7321981191635132, 0.7523219585418701, 0.772445797920227, 0.7786377668380737, 0.7786377668380737, 0.7894737124443054, 0.8080495595932007, 0.8049535751342773, 0.797213613986969, 0.8529411554336548, 0.8436532616615295, 0.8452012538909912, 0.8591331243515015, 0.9102166891098022, 0.905572772026062, 0.9024767875671387, 0.8839009404182434], "val_recall": [0.2839506268501282, 0.23456789553165436, 0.2469135820865631, 0.2530864179134369, 0.29629629850387573, 0.3580246865749359, 0.42592594027519226, 0.5185185074806213, 0.5370370149612427, 0.5617284178733826, 0.604938268661499, 0.6666666865348816, 0.6975308656692505, 0.7160493731498718, 0.7407407164573669, 0.7654321193695068, 0.8024691343307495, 0.8209876418113708, 0.845678985118866, 0.8395061492919922, 0.8641975522041321, 0.8641975522041321, 0.8703703880310059, 0.8765432238578796, 0.9012345671653748, 0.9012345671653748, 0.9074074029922485, 0.9012345671653748, 0.9074074029922485, 0.9197530746459961]}