{"accuracy": [0.6058047413825989, 0.6781002879142761, 0.7224274277687073, 0.7345646619796753, 0.769920825958252, 0.7683377265930176, 0.8084432482719421, 0.8174142241477966, 0.8174142241477966, 0.8564643859863281, 0.8664907813072205, 0.8744063377380371, 0.8833773136138916, 0.8839049935340881, 0.8960422277450562, 0.9013192653656006, 0.9071239829063416, 0.9182057976722717, 0.918733537197113, 0.9197888970375061, 0.924538254737854, 0.9313983917236328, 0.936675488948822, 0.9361477494239807, 0.9408971071243286, 0.9403693675994873, 0.9356200695037842, 0.9393140077590942, 0.9472295641899109, 0.9467018246650696], "val_accuracy": [0.6603375673294067, 0.6898733973503113, 0.7278481125831604, 0.7763713002204895, 0.7932489514350891, 0.8206751346588135, 0.8270041942596436, 0.8628692030906677, 0.8649789094924927, 0.8734177350997925, 0.8881856799125671, 0.9008438587188721, 0.8945147395133972, 0.9177215099334717, 0.9071729779243469, 0.9071729779243469, 0.9156118035316467, 0.9177215099334717, 0.9198312163352966, 0.9177215099334717, 0.9177215099334717, 0.9177215099334717, 0.9156118035316467, 0.9156118035316467, 0.9177215099334717, 0.9177215099334717, 0.9177215099334717, 0.9177215099334717, 0.9156118035316467, 0.9219409227371216], "loss": [2.9907267093658447, 2.645665168762207, 2.3822202682495117, 2.2031149864196777, 1.996889591217041, 1.8517836332321167, 1.7027026414871216, 1.5834168195724487, 1.485564947128296, 1.3600178956985474, 1.2874557971954346, 1.2198925018310547, 1.164689540863037, 1.115891456604004, 1.0703942775726318, 1.0209749937057495, 0.9974844455718994, 0.9517513513565063, 0.9264270067214966, 0.904072105884552, 0.8808251619338989, 0.857241690158844, 0.8421304821968079, 0.8330342769622803, 0.8156293630599976, 0.8159400224685669, 0.7912882566452026, 0.7834705114364624, 0.7631352543830872, 0.7566314339637756], "val_loss": [2.851231813430786, 2.6212453842163086, 2.411694049835205, 2.21340274810791, 2.0333263874053955, 1.8740532398223877, 1.7274649143218994, 1.5960888862609863, 1.4828146696090698, 1.383424162864685, 1.307372808456421, 1.23398756980896, 1.1853841543197632, 1.1257004737854004, 1.0837408304214478, 1.052661657333374, 1.022603988647461, 0.9953528046607971, 0.9676021337509155, 0.9547374248504639, 0.9411470293998718, 0.9302135109901428, 0.9228947162628174, 0.9072908163070679, 0.899668276309967, 0.8877719044685364, 0.8784381747245789, 0.8684731721878052, 0.8596338629722595, 0.8444380760192871], "precision": [0.8100436925888062, 0.8912319540977478, 0.9183456897735596, 0.9229166507720947, 0.9330049157142639, 0.940643846988678, 0.9594594836235046, 0.9575070738792419, 0.944903552532196, 0.9728014469146729, 0.9690812826156616, 0.9646247029304504, 0.9699312448501587, 0.9715762138366699, 0.9666110277175903, 0.9795918464660645, 0.9765690565109253, 0.9857621192932129, 0.9825436472892761, 0.9754701256752014, 0.9834983348846436, 0.9868529438972473, 0.9838056564331055, 0.9845778942108154, 0.9886271357536316, 0.9878246784210205, 0.9829959273338318, 0.9838709831237793, 0.9911075234413147, 0.9895161390304565], "val_precision": [0.982758641242981, 0.9840425252914429, 0.9854369163513184, 0.9744681119918823, 0.9753086566925049, 0.9765625, 0.9695817232131958, 0.97826087474823, 0.9818181991577148, 0.9752650260925293, 0.9791666865348816, 0.9763513803482056, 0.9793814420700073, 0.9801324605941772, 0.9672130942344666, 0.9641693830490112, 0.9676375389099121, 0.9707792401313782, 0.961904764175415, 0.9617834687232971, 0.9617834687232971, 0.9617834687232971, 0.9676375389099121, 0.9616613388061523, 0.9617834687232971, 0.9617834687232971, 0.9617834687232971, 0.9617834687232971, 0.9616613388061523, 0.9620253443717957], "recall": [0.5642585754394531, 0.6106463670730591, 0.6585551500320435, 0.6737642288208008, 0.7201520800590515, 0.7110266089439392, 0.7558935284614563, 0.7711026668548584, 0.7825095057487488, 0.8159695863723755, 0.8342205286026001, 0.8501901030540466, 0.8585551381111145, 0.8577947020530701, 0.8806083798408508, 0.8760456442832947, 0.8874524831771851, 0.8950570225715637, 0.8988593220710754, 0.9072243571281433, 0.9064638614654541, 0.9133079648017883, 0.9239543676376343, 0.9224334359169006, 0.9254752993583679, 0.9254752993583679, 0.9231939315795898, 0.927756667137146, 0.9323194026947021, 0.9330798387527466], "val_recall": [0.5197568535804749, 0.5623100399971008, 0.6170212626457214, 0.6960486173629761, 0.7203647494316101, 0.759878396987915, 0.7750759720802307, 0.8206686973571777, 0.8206686973571777, 0.8389057517051697, 0.8571428656578064, 0.8784194588661194, 0.8662614226341248, 0.8996960520744324, 0.8966565132141113, 0.8996960520744324, 0.9088146090507507, 0.9088146090507507, 0.9209726452827454, 0.9179331064224243, 0.9179331064224243, 0.9179331064224243, 0.9088146090507507, 0.914893627166748, 0.9179331064224243, 0.9179331064224243, 0.9179331064224243, 0.9179331064224243, 0.914893627166748, 0.9240121841430664]}