{"accuracy": [0.6469648480415344, 0.7092651724815369, 0.7257720828056335, 0.7502662539482117, 0.7582534551620483, 0.788072407245636, 0.8104366064071655, 0.822151243686676, 0.8530351519584656, 0.8525026440620422, 0.8636847734451294, 0.8743343949317932, 0.8855165243148804, 0.8924387693405151, 0.8988285660743713, 0.9227902293205261, 0.9195953011512756, 0.9190628528594971, 0.932374894618988, 0.9190628528594971, 0.9334398508071899, 0.9382321834564209, 0.9355697631835938, 0.9403620958328247, 0.9382321834564209, 0.9430245161056519, 0.9392971396446228, 0.9504792094230652, 0.9536741375923157, 0.9435569643974304], "val_accuracy": [0.6872340440750122, 0.7085106372833252, 0.7531914710998535, 0.7936170101165771, 0.8170212507247925, 0.8319149017333984, 0.8446808457374573, 0.8595744967460632, 0.8702127933502197, 0.8723404407501221, 0.8787233829498291, 0.8829787373542786, 0.8914893865585327, 0.8914893865585327, 0.8957446813583374, 0.9063829779624939, 0.9085106253623962, 0.9021276831626892, 0.9063829779624939, 0.9042553305625916, 0.9106382727622986, 0.9085106253623962, 0.9106382727622986, 0.9042553305625916, 0.9106382727622986, 0.9106382727622986, 0.914893627166748, 0.9191489219665527, 0.9085106253623962, 0.9063829779624939], "loss": [2.9184436798095703, 2.5785887241363525, 2.331040859222412, 2.1186816692352295, 1.9649566411972046, 1.8028087615966797, 1.6517704725265503, 1.5313431024551392, 1.4195691347122192, 1.3228105306625366, 1.2393032312393188, 1.1653227806091309, 1.1061172485351562, 1.0630137920379639, 1.0120935440063477, 0.9512658715248108, 0.9288069605827332, 0.9162964224815369, 0.8607762455940247, 0.8569976687431335, 0.8146606683731079, 0.8086366653442383, 0.8006457686424255, 0.7779603004455566, 0.773321807384491, 0.7521576285362244, 0.7574476003646851, 0.738069474697113, 0.7128960490226746, 0.7150048613548279], "val_loss": [2.8500328063964844, 2.5950050354003906, 2.372022867202759, 2.1639068126678467, 1.9831048250198364, 1.8189730644226074, 1.6719615459442139, 1.53928542137146, 1.427956223487854, 1.3303159475326538, 1.2761273384094238, 1.201343297958374, 1.1389838457107544, 1.0949925184249878, 1.0424597263336182, 1.017061710357666, 0.9869938492774963, 0.9611608982086182, 0.9412916302680969, 0.9184139966964722, 0.9016174077987671, 0.89547199010849, 0.8845731019973755, 0.8782594799995422, 0.8653310537338257, 0.8583030104637146, 0.844804584980011, 0.834306538105011, 0.8285170793533325, 0.8160865306854248], "precision": [0.8638392686843872, 0.921139121055603, 0.9264392256736755, 0.9298780560493469, 0.9415384531021118, 0.9447138905525208, 0.9485500454902649, 0.9554317593574524, 0.9650850296020508, 0.9667266011238098, 0.9656991958618164, 0.9670995473861694, 0.9733218550682068, 0.9680403470993042, 0.9691409468650818, 0.9866888523101807, 0.9794068932533264, 0.9754701256752014, 0.9860883951187134, 0.978600800037384, 0.9885057210922241, 0.9854251146316528, 0.9783653616905212, 0.9886271357536316, 0.9854251146316528, 0.9934640526771545, 0.9831053614616394, 0.9903692007064819, 0.9911999702453613, 0.9809069037437439], "val_precision": [0.9739583134651184, 0.9800000190734863, 0.9819004535675049, 0.9754098653793335, 0.9802371263504028, 0.9734848737716675, 0.9776119589805603, 0.9581881761550903, 0.9620689749717712, 0.962199330329895, 0.9722222089767456, 0.9597315192222595, 0.951298713684082, 0.9572368264198303, 0.9575163125991821, 0.9611650705337524, 0.9583333134651184, 0.9549839496612549, 0.9581993818283081, 0.9610389471054077, 0.9584664702415466, 0.9583333134651184, 0.9584664702415466, 0.9580644965171814, 0.9584664702415466, 0.9584664702415466, 0.9558359384536743, 0.9561128616333008, 0.9612902998924255, 0.9552715420722961], "recall": [0.5885931849479675, 0.6395437121391296, 0.6608365178108215, 0.6958174705505371, 0.6980988383293152, 0.7406843900680542, 0.7711026668548584, 0.7825095057487488, 0.8197718858718872, 0.8174905180931091, 0.8349809646606445, 0.8494296669960022, 0.8600760698318481, 0.8752851486206055, 0.8836501836776733, 0.901901125907898, 0.904182493686676, 0.9072243571281433, 0.9163498282432556, 0.904182493686676, 0.9155893325805664, 0.9254752993583679, 0.9285171031951904, 0.9254752993583679, 0.9254752993583679, 0.9247148036956787, 0.9292775392532349, 0.9384030699729919, 0.9422053098678589, 0.9376425743103027], "val_recall": [0.5683890581130981, 0.5957446694374084, 0.6595744490623474, 0.7234042286872864, 0.7537993788719177, 0.781154990196228, 0.7963525652885437, 0.8358662724494934, 0.848024308681488, 0.8510638475418091, 0.8510638475418091, 0.869300901889801, 0.890577495098114, 0.8844984769821167, 0.890577495098114, 0.9027355909347534, 0.9088146090507507, 0.9027355909347534, 0.9057750701904297, 0.8996960520744324, 0.911854088306427, 0.9088146090507507, 0.911854088306427, 0.9027355909347534, 0.911854088306427, 0.911854088306427, 0.9209726452827454, 0.9270516633987427, 0.9057750701904297, 0.9088146090507507]}